,Unnamed: 0,Categoria,Link
0,0,All,https://www.podbean.com/all
1,1,Arts,https://www.podbean.com/arts-podcasts
2,2,Business,https://www.podbean.com/business-podcasts
3,3,Comedy,https://www.podbean.com/comedy-podcasts
4,4,Education,https://www.podbean.com/education-podcasts
5,5,Games & Hobbies,https://www.podbean.com/games-and-hobbies-podcasts
6,6,Government & Organizations,https://www.podbean.com/government-and-organizations-podcasts
7,7,Health,https://www.podbean.com/health-podcasts
8,8,Kids & Family,https://www.podbean.com/kids-and-family-podcasts
9,9,Music,https://www.podbean.com/music-podcasts
10,10,News & Politics,https://www.podbean.com/news-and-politics-podcasts
11,11,Religion & Spirituality,https://www.podbean.com/religion-and-spirituality-podcasts
12,12,Science & Medicine,https://www.podbean.com/science-and-medicine-podcasts
13,13,Society & Culture,https://www.podbean.com/society-and-culture-podcasts
14,14,Sports & Recreation,https://www.podbean.com/sports-and-recreation-podcasts
15,15,Technology,https://www.podbean.com/technology-podcasts
16,16,TV & Film,https://www.podbean.com/tv-and-film-podcasts
